[{"domain": "info-car.pl", "expiry": 1765219784, "httpOnly": false, "name": "CookieScriptConsent", "path": "/", "sameSite": "Lax", "secure": true, "value": "{\"googleconsentmap\":{\"ad_storage\":\"targeting\",\"analytics_storage\":\"performance\",\"ad_user_data\":\"targeting\",\"ad_personalization\":\"targeting\",\"functionality_storage\":\"functionality\",\"personalization_storage\":\"functionality\",\"security_storage\":\"functionality\"},\"bannershown\":1}"}, {"domain": ".info-car.pl", "expiry": 1768675350, "httpOnly": false, "name": "_ga", "path": "/", "sameSite": "Lax", "secure": true, "value": "GA1.2.435457096.1734114708"}, {"domain": ".info-car.pl", "httpOnly": true, "name": "TS01f5bb17", "path": "/", "sameSite": "Lax", "secure": true, "value": "016ccbb8cac283e0fd18fcab91db94e49805348e43a71269f26cde1cb86702a6e22988fc633b14f35baea990ce79a5bd6245ca4da05035caeb879b2ee5d6aca535ffa9f720"}, {"domain": ".info-car.pl", "expiry": 1768675361, "httpOnly": false, "name": "_ga_BMFEL48YGZ", "path": "/", "sameSite": "Lax", "secure": true, "value": "GS1.1.1734114707.1.1.1734115361.3.0.0"}, {"domain": ".info-car.pl", "expiry": 1768675361, "httpOnly": false, "name": "_ga_XZ58VKZBEN", "path": "/", "sameSite": "Lax", "secure": true, "value": "GS1.1.1734114707.1.1.1734115361.0.0.0"}, {"domain": ".info-car.pl", "expiry": 1765219693, "httpOnly": false, "name": "CookieScriptConsent", "path": "/", "sameSite": "Lax", "secure": true, "value": "{\"googleconsentmap\":{\"ad_storage\":\"targeting\",\"analytics_storage\":\"performance\",\"ad_user_data\":\"targeting\",\"ad_personalization\":\"targeting\",\"functionality_storage\":\"functionality\",\"personalization_storage\":\"functionality\",\"security_storage\":\"functionality\"},\"bannershown\":1}"}, {"domain": ".info-car.pl", "expiry": 1734201750, "httpOnly": false, "name": "_gid", "path": "/", "sameSite": "Lax", "secure": true, "value": "GA1.2.1060081435.1734114711"}]